Training MSE,Testing MSE
0.09449160975559039,0.5005455222677679
